{
  "channel": 0.79811,
  "avs_match": 0.49366,
  "shipping_distance_km": 0.46392,
  "account_age_days": 0.28233,
  "txn_month": 0.21537,
  "three_ds_flag": 0.20276,
  "amount": 0.18514,
  "amount_vs_avg": 0.16618,
  "cvv_result": 0.15615,
  "avg_amount_user": 0.12851
}